年齢,性別,身長,体重,今の時間帯,空いた時間,食べたカロリー,これから食べるカロリー,食べれたか
32,女性,189.24886469968806,89.96042001090218,2023-08-25 22:38:41,17.58957310976358,261.29935067096204,2024.5668281471173,0
78,男性,167.79807684288002,48.39334612440829,2023-08-25 07:36:56,15.861936243535565,819.8832717650967,541.0881785169664,1
28,男性,177.39400753240528,46.256155691614076,2023-08-25 15:28:35,18.205554574015007,302.3938759475636,1998.8586056791682,0
76,女性,177.69740528285305,72.58908323561221,2023-08-25 10:07:05,18.957981977372448,1341.6514908216734,351.42934665604537,0
55,男性,151.93548604922518,54.308561142845576,2023-08-25 15:40:07,16.091668094808682,108.41378123135796,1743.6856328286665,0
57,男性,177.38235484508039,52.22347676815937,2023-08-25 10:19:46,2.230257247427202,1601.8928741379834,12.523536864472069,1
25,女性,189.22586422311545,68.05069248190362,2023-08-25 01:42:27,13.812336689710516,408.34825633538514,1554.5559683533847,0
79,男性,168.8374916463361,50.20069270981739,2023-08-25 14:17:21,11.236598851226931,1377.0706665673608,33.83321289789034,0
43,女性,177.28141604440333,66.28133177222053,2023-08-25 16:20:19,13.392527031593378,799.8022862290912,939.4245879761569,0
35,男性,155.9508932395683,72.24148742689432,2023-08-25 06:00:32,6.064246000517603,850.1962953600552,1320.146503508737,0
70,女性,159.2082074725942,75.57390057138329,2023-08-25 20:38:16,17.4390758737301,735.4705325078054,887.9287037379852,0
38,女性,160.76358558993826,88.82826547548191,2023-08-25 09:30:29,17.00077346189878,1434.0753399087664,693.6219169914027,0
24,男性,174.3721018566433,67.11055528899303,2023-08-25 03:28:25,17.9039991397983,1706.1492275972907,379.8470262929102,0
52,男性,153.9121785828536,50.49038758655628,2023-08-25 07:11:50,16.804135406557357,567.0669009058927,1078.0957850059633,0
77,男性,188.86895800555948,48.50344331381004,2023-08-25 15:10:03,1.4782758402491722,1187.2125772448837,-527.5423109582849,1
35,男性,167.1973089898533,60.960588980513684,2023-08-25 23:32:28,3.1927147384820254,509.5967927455175,648.4354490998037,1
28,女性,164.057903180879,63.34737110224642,2023-08-25 13:12:38,19.895932224012256,1492.1896203748227,222.40418638888235,0
79,男性,160.7035994501441,81.71082013522064,2023-08-25 11:37:17,4.111360963205838,53.73553600198753,1219.1124541498612,1
24,男性,177.80383877341677,53.83432143446892,2023-08-25 22:02:53,14.139872865212023,1115.8249348711024,1253.0206755401266,0
61,男性,169.49480866759393,58.09603828782599,2023-08-25 18:54:07,11.51559973857212,1109.0250529223897,508.5369561922005,0
26,女性,168.0553939065049,72.99457398283238,2023-08-25 19:39:02,10.851382933577788,1638.1622919059753,139.75027885617348,1
56,男性,160.63622429884205,85.97868959759089,2023-08-25 21:04:29,18.965131273377924,281.8968763907096,3359.598275107908,0
28,男性,189.7684976707286,82.6832246172172,2023-08-25 05:11:29,1.0473422425685315,1959.594004644568,-989.8417114604238,1
70,男性,183.0889210092549,65.0664755941669,2023-08-25 12:43:32,3.01231489078483,174.8586698404535,1231.9776979677713,1
60,女性,178.34536557277806,73.92735653683553,2023-08-25 03:49:18,3.9014956391111477,907.0205474573354,660.0494562254265,1
33,男性,186.65368274107666,81.38888997688457,2023-08-25 22:34:59,15.291992086596007,758.5346155055428,1740.7384803368652,0
44,女性,168.60192174957578,66.90065219871414,2023-08-25 15:09:09,19.937953834848276,336.24437805228945,1147.5592701108908,1
51,男性,158.5449658102349,82.07191983870041,2023-08-25 10:11:11,1.4665159634961844,1211.0606258677672,-535.907650994877,1
31,男性,175.6395890415555,77.59467807454223,2023-08-25 13:09:33,6.194157279957927,591.3374875650497,1817.9639673541665,0
63,女性,151.4622969509825,61.22140217551371,2023-08-25 09:57:26,17.073469715627688,958.9931236582654,289.4968357410849,1
65,女性,182.50459849482334,82.73773156104801,2023-08-25 10:39:46,10.24727469289659,406.95918169236654,1657.1263023185247,0
72,女性,152.96295221536778,52.97643064013443,2023-08-25 22:11:24,6.952912589381338,139.80638788514625,1426.9520044846129,0
34,男性,169.66250649113755,78.04183411468046,2023-08-25 07:14:30,11.279689357030778,1380.6833139452024,582.6913347079844,1
53,女性,173.79430372041247,72.05225558850351,2023-08-25 05:17:21,3.69788115965435,871.0734516522705,479.29793828848057,1
38,女性,186.58886061622792,69.10345768791707,2023-08-25 22:01:19,8.111768123715303,832.6371593134631,1230.9711419591474,0
61,女性,158.43256862441913,57.90722582224993,2023-08-25 19:13:30,7.339813541034258,600.9084971470767,1199.874203535461,0
67,男性,177.67518550342032,77.66616615308851,2023-08-25 13:24:31,16.738595851986247,1309.3615489725075,685.2978422406608,0
66,女性,188.3608312018487,79.6622902299082,2023-08-25 21:05:20,1.6317817156567993,88.23710384078892,619.0212368456322,1
53,女性,172.7915426862327,70.45750896949997,2023-08-25 23:01:44,5.5319833784897945,791.19255026451,1021.2138567677913,0
29,男性,166.30965331005928,89.96453941747251,2023-08-25 17:00:27,6.542346319862807,1176.7286932188626,949.8914637198006,1
24,男性,160.48346346600292,57.334842120315486,2023-08-25 13:39:55,19.407638228587036,1586.3816052622572,280.57965995816545,0
69,男性,167.4454330851525,59.023108179952956,2023-08-25 13:14:23,9.529081608784082,1060.8081807877736,777.1296522178753,0
35,男性,183.0459204059258,84.1714041854048,2023-08-25 03:34:34,14.363108603912744,506.83362586809636,2238.724103044402,0
59,男性,173.98908442377652,87.42254033926673,2023-08-25 13:50:19,8.256122869590895,939.9797598095531,967.5237876088719,1
37,女性,187.17737709841742,84.62278700559573,2023-08-25 02:59:41,3.36481598923775,844.3280381746613,812.1252064061142,1
72,男性,160.65808576392408,50.77873166388222,2023-08-25 19:26:00,10.676398260479653,438.7201478162093,1661.7144299626796,0
28,女性,150.641037791366,72.73303160752762,2023-08-25 20:56:20,13.96724638991228,520.0134925642747,1605.557763404042,0
65,女性,175.41284225347962,74.09487033961271,2023-08-25 11:52:55,16.450319855156756,1433.7661590890152,224.3954750630535,0
69,男性,161.72922516528055,56.0277564377318,2023-08-25 19:21:44,17.632451391653372,675.1009688905331,716.2281618414131,1
39,男性,182.30810900739812,63.56005148018468,2023-08-25 17:41:38,3.4083386975791328,678.619793204781,1300.5439851535814,0
40,女性,152.27133070870556,68.09101867636616,2023-08-25 19:22:37,19.62296338759399,1139.3680801423588,445.62428616274184,0
21,男性,162.37115180473808,71.73191049899717,2023-08-25 08:17:33,3.2246495003510987,1825.2027820548483,117.86617737818916,1
37,女性,185.86432388359822,74.48817009832572,2023-08-25 19:04:23,4.408031783200553,1651.4550296148725,134.0215888778962,1
32,男性,167.35295436767535,86.52409592531625,2023-08-25 21:53:41,1.8688715290734268,282.2111164126527,612.5762340461872,1
21,女性,185.11899421506712,81.31493880409418,2023-08-25 22:27:36,16.03472959730236,517.3669059633022,2978.924490449516,0
51,男性,151.988347198133,78.22011711708505,2023-08-25 01:49:22,1.3345868386626003,964.074590430907,-279.0168725149657,1
51,男性,181.34207728422788,65.79567021291282,2023-08-25 21:41:56,15.527103044255403,1477.2630976759476,507.13666831592525,0
60,女性,183.46876605145772,67.69554235353331,2023-08-25 13:37:58,11.130712445601079,1441.480522625806,185.9096066793748,1
79,男性,177.81297258797946,85.52847791831095,2023-08-25 21:37:05,8.292020431613626,1196.3015795609178,1059.6231141154228,0
65,男性,176.2871471576894,81.93638169620024,2023-08-25 17:50:57,12.993248530420793,683.0750996992355,1612.6028580641432,0
26,女性,159.71021199212856,61.5220072746975,2023-08-25 19:00:44,3.679823701953626,1370.6924505800262,112.6601570962105,1
45,男性,184.97555220401267,50.6570129702712,2023-08-25 09:09:20,16.74277855440539,527.0480088907681,1099.3212374793195,1
78,男性,187.60461525658963,84.48161579824173,2023-08-25 08:29:35,17.753159336874223,1451.5735424250504,750.7804052197239,0
22,男性,186.6393978980067,57.325080055632654,2023-08-25 17:46:38,19.92937627640856,506.5997983202798,1838.9030144588232,0
79,男性,157.13442704824587,57.593877005797516,2023-08-25 08:13:56,10.161903838485282,1034.576784465045,399.2515015507263,0
63,男性,165.0667439520588,76.5509949900923,2023-08-25 14:29:43,13.24430280342905,844.1283588995118,1589.872996803272,0
73,女性,169.56155824811893,58.2152701722222,2023-08-25 13:51:19,14.180008856741331,585.4041961829566,1071.6064881130533,0
28,男性,165.5583740597669,71.1884663426024,2023-08-25 08:14:41,4.00065934399114,652.5237796447786,1144.8651858240526,1
79,女性,183.90407120385942,75.86509913710881,2023-08-25 01:24:08,6.835668949563701,434.2585694916552,1053.7363853613797,1
59,女性,176.4137976515364,55.89651470048623,2023-08-25 09:45:27,2.911379576907341,274.0552229386826,714.3696593151826,1
30,男性,153.19727150759107,59.98967722393604,2023-08-25 04:20:32,5.232459238622524,1464.0810699174842,339.7561663303,0
56,男性,172.70054231128205,52.94714685483943,2023-08-25 22:33:47,4.296249191771286,1459.1456363684981,114.0208410718869,1
24,男性,183.89444828564666,76.6893409423669,2023-08-25 02:39:15,15.219817172266813,1155.360346398019,1379.0458801327488,0
25,男性,167.3407606906179,82.66450466158373,2023-08-25 21:01:56,12.522759015202412,1958.8176264431718,238.25781263517865,0
74,女性,161.16805570192213,48.204131004266756,2023-08-25 01:54:45,4.040049734236975,834.2962018836122,172.3599118553123,1
26,男性,174.33945635539573,50.23408942281661,2023-08-25 09:21:52,1.2334731652146136,982.3997250553765,-277.27815994405495,1
79,女性,188.47924165382517,62.24071763794777,2023-08-25 20:37:17,2.1963977674722828,716.7724976484493,567.5629013258314,1
70,男性,189.2277994046412,80.53370612443487,2023-08-25 16:55:30,15.32865003067738,1456.4819755714884,426.29584241986,1
36,女性,182.77375405573068,75.89925360864629,2023-08-25 19:37:16,18.68177025873027,806.3234162191494,1199.1411035062376,0
48,男性,187.7230404826728,54.465693991163334,2023-08-25 10:10:30,2.1805952786913454,1491.9070701881258,202.47755130061964,1
74,女性,153.30193220801974,81.29603443939604,2023-08-25 13:10:25,16.683995829009604,1176.5781453394902,429.9622999231543,0
70,女性,185.06852251206513,76.29163591889386,2023-08-25 03:41:38,18.04455025103343,1560.064164724591,184.35916076804426,0
30,男性,151.124470716296,68.48578797069695,2023-08-25 10:49:39,3.5696333899585184,813.4132321031449,558.1336429286799,1
28,女性,177.6134249316492,73.2225963738982,2023-08-25 21:54:26,3.8678554106411136,1303.1716208208127,385.4267126057095,1
25,男性,178.47612904173292,88.53713360797786,2023-08-25 13:53:09,9.901428091268691,321.3925639521952,2306.7628688376776,0
31,男性,175.4144351892701,82.26758748718329,2023-08-25 06:34:44,7.554363801406146,509.39741058680744,2836.1418461563558,0
52,女性,184.20644612572468,86.94615224096113,2023-08-25 18:53:50,17.241021528576447,254.7822157066768,1336.9408080843443,1
54,男性,153.04382244382725,46.14469959717505,2023-08-25 00:27:31,5.822525847010352,938.5417155082914,361.6781158558902,1
28,女性,172.0627422480581,59.18759611709519,2023-08-25 19:45:37,4.583158389771072,1353.0441425191702,144.3954253220784,1
55,男性,176.79806041756981,69.62509293061886,2023-08-25 18:52:12,17.448268899285498,1374.5659328732113,428.37960111220303,1
38,男性,165.73275560613848,76.8214323918993,2023-08-25 15:37:11,14.617583313404612,1889.9723538841354,51.859050663689715,1
78,男性,189.99531564591024,57.31484463666778,2023-08-25 13:29:25,6.591366978152511,528.2060856078235,1431.013859158016,0
71,男性,153.39899015509758,57.84465702569656,2023-08-25 15:31:52,1.732589563428221,1132.6658949517578,-937.4221608933566,1
56,女性,159.44457516658426,66.31561591193652,2023-08-25 05:56:27,7.066213522072825,319.4096408525019,1221.3167078455756,0
28,女性,169.10894616562774,50.89046014784275,2023-08-25 04:54:42,5.350502833852749,1333.2310140274913,320.5502042067269,0
67,女性,164.040323992896,86.00679554106823,2023-08-25 08:12:53,3.295007425666363,951.3773095217291,462.87374767867357,1
70,男性,164.89182412197368,76.70115662712269,2023-08-25 20:32:49,12.803401341189238,321.33913764727316,1781.4810096195436,0
32,女性,175.18150958382572,60.72795291018507,2023-08-25 18:47:01,6.216804311650817,35.16540722261671,1348.7313738331868,1
76,男性,162.9163541472453,71.95639727552103,2023-08-25 16:25:11,8.160304049943784,902.0966718468252,1187.0177826810273,0
56,男性,186.44347935305254,49.77268584240525,2023-08-25 01:43:00,2.392078253655498,1366.6876597584405,220.16010745216317,1
43,女性,150.71730582574972,75.38538426090477,2023-08-25 21:59:28,2.6881679907427536,1517.413835545033,40.26950431473397,1
45,男性,183.14976959087707,88.29901903876086,2023-08-25 20:01:23,14.373079925416164,1365.742887955734,1604.9364889134265,0
47,男性,179.8758123725241,74.19544436694122,2023-08-25 05:46:45,16.444563476427625,587.5893346016732,1642.178562038328,0
36,女性,159.89778642943452,58.86960150032672,2023-08-25 06:05:06,4.9398975439485255,588.6214408499271,589.6363809788238,1
43,女性,178.66204628811727,75.63587856619108,2023-08-25 20:13:32,3.136626707942127,4.296596454542186,1183.1052244396956,1
78,男性,159.6456350558746,84.35340107947388,2023-08-25 16:58:49,10.951061759857383,118.76576941469277,2256.6705196240005,0
72,女性,171.46930701822217,67.47524337342726,2023-08-25 06:57:10,16.073774322098444,472.99420462362446,823.1027715933564,1
67,男性,179.48904606038295,69.13396515296148,2023-08-25 13:52:38,1.9971974751970871,35.26916710380507,445.3773717068244,1
21,女性,163.42912238693478,55.52042550217257,2023-08-25 20:26:32,16.405840649247537,776.5828621870963,1022.636693903148,0
28,男性,153.92975350424095,51.43186495293668,2023-08-26 00:15:21,13.865571655702125,121.18994308414914,1679.503289937309,0
73,男性,177.31110640886422,48.04207044316793,2023-08-25 13:09:03,6.370050459399271,1354.2986859454118,159.1079885774814,0
20,女性,163.69564105965634,87.69705760763547,2023-08-25 03:00:05,9.895777066677644,625.1333340614642,1953.7786756448686,0
57,女性,185.36124676630874,77.91960778205342,2023-08-25 18:35:02,10.577934141159549,50.65797448067269,2848.754825792379,0
24,女性,165.04060632103833,61.926054379023135,2023-08-25 02:40:51,3.228929010057011,1192.6003080333153,324.513142407692,1
59,男性,176.64492805248622,70.22590717754791,2023-08-25 09:32:02,9.84305128869825,337.41956236965046,1971.296913749727,0
71,男性,154.46231884220074,82.8086379654774,2023-08-25 12:06:16,2.7707232615094197,1602.3653978053746,87.93584389182554,1
63,男性,158.7860173682074,74.1573253625949,2023-08-25 16:06:16,8.397765976176583,763.9313417568806,1379.4192408870204,0
41,女性,158.41322402539905,70.7502698338147,2023-08-25 23:04:08,11.719982088732273,5.453600837159187,2497.5691509476314,0
63,女性,164.9556869378937,66.86551185664993,2023-08-25 06:54:31,6.635332666968754,1112.5716446850242,505.8531224717221,0
54,女性,171.86840381657203,85.1395881519829,2023-08-25 18:42:30,15.688779695554398,624.6693818172098,1296.1794325526903,0
79,男性,169.4777607543959,79.6293509807634,2023-08-25 12:51:04,8.184764534441932,743.4966079631009,1088.7672807717483,0
28,女性,157.7182535696866,73.99343878206027,2023-08-25 12:21:46,16.59646323726613,1613.0428577050545,157.07568572270048,0
75,男性,182.35486017497362,50.8187772668918,2023-08-25 05:14:30,18.773857742971543,79.74074561687102,2097.3745070567334,0
72,女性,168.19014461042832,84.85159219488295,2023-08-25 06:52:26,7.9121673973248265,1393.6012006666072,252.80669101061463,1
58,女性,151.50795660002927,49.688911418891536,2023-08-25 21:36:58,10.533833636502264,1007.708589499786,219.9153185376514,0
59,男性,185.3791067935388,80.58544616047578,2023-08-25 20:12:31,17.130604091341745,1109.827583553328,1263.0750055583546,0
47,男性,174.4285881839234,63.007263914701426,2023-08-25 12:48:15,11.759438783846953,221.1740828776284,1946.3197751993875,0
77,男性,168.99427401883318,87.70217345712922,2023-08-25 21:03:00,19.037156457632523,384.1989078952205,1271.4787539949048,1
44,男性,154.3416894036858,77.25683543257948,2023-08-25 21:55:51,4.211953982408023,1208.1060462421926,576.3575478682474,1
49,男性,152.35672005111672,80.37265209169341,2023-08-25 07:33:00,13.794580356786373,1201.8337104725424,623.5194092325557,0
71,女性,180.2692397739736,58.24992963837876,2023-08-25 12:16:30,10.353118926417345,1268.90894974348,225.72960758815637,0
67,男性,162.165077786332,66.17368188605863,2023-08-25 23:42:32,4.795344370016141,583.0019561673059,623.4598294967025,1
45,女性,185.4565901796762,55.40960665225882,2023-08-25 22:49:24,17.545373260378952,34.09505294229522,1897.497389021327,0
79,男性,153.33898036948665,67.52168862700098,2023-08-25 07:20:46,10.942308806216376,660.8280555425883,637.3453522970889,1
60,男性,185.2197854516453,63.51351242112533,2023-08-25 03:32:07,15.913975395145943,1589.2438772106018,202.22457851893603,1
31,男性,153.71145347446367,86.329497301481,2023-08-25 11:55:37,15.592213756548066,22.362638493327648,3185.5609014655092,0
59,女性,153.98747421804103,80.967157612797,2023-08-25 23:38:12,18.667045752030063,1112.5861622938974,451.26308230465366,1
40,男性,174.01619250511865,65.33203924870324,2023-08-25 16:37:57,13.370422341608611,1107.712605407034,1013.3700174422494,0
27,女性,186.68379232455965,55.65227847656796,2023-08-25 09:12:05,5.896387025963367,7.933843655286191,2667.0023257930093,0
60,女性,189.61908496468652,60.344297340593634,2023-08-25 19:11:07,1.7501741371139725,1308.0803096046548,-1079.8124106373011,1
56,女性,154.3604422117336,80.56636610722632,2023-08-25 13:50:31,5.85828920564698,1007.1881471195497,785.990426005154,0
38,男性,164.04986920965354,67.98226441013232,2023-08-25 19:15:06,14.73471801744476,1313.1601561247992,565.4906933646416,0
70,男性,159.11652314349595,62.25167143653724,2023-08-25 21:13:38,7.082596067965087,760.7920510719686,574.979898244339,1
31,女性,168.05362410713667,52.84708594167537,2023-08-25 02:02:36,1.784515639242827,594.8434640970712,-166.278053875482,1
43,女性,171.93986061367264,55.43148661586897,2023-08-25 09:44:09,15.234984311862563,476.5950221528753,1407.623566311718,0
64,女性,152.6557955456137,59.65202076248745,2023-08-25 10:07:54,9.0282490878148,1107.0628496063118,287.1820132789366,0
20,男性,176.48194037722493,80.62888372875994,2023-08-25 15:17:56,19.611235808639947,683.1425689307044,2927.394394946954,0
32,女性,157.97485861419125,54.63210900590255,2023-08-25 10:41:10,18.50044806106606,161.98069482724105,2232.4895472491417,0
38,女性,179.79350834949972,52.210676314929124,2023-08-25 03:27:19,13.01747907979957,633.6506309061136,770.35344439735,1
35,女性,180.9778962104818,60.03695683051126,2023-08-25 10:42:09,3.4465380865349857,1369.7237198991177,291.26903883601085,1
22,女性,170.35099889180788,66.51715702682085,2023-08-25 21:25:21,19.452627166687314,634.2072042547005,1372.8535504745553,0
59,女性,154.98950923183463,50.36297056646069,2023-08-25 04:30:41,11.67080784536378,645.8360046897304,490.3650517797154,1
25,男性,159.91290877750853,84.06424618401425,2023-08-25 16:34:03,6.412943525929056,439.33165175522896,2002.7763716116801,0
52,女性,182.8409984571283,84.49011971715949,2023-08-25 10:33:12,12.53563122426368,987.5888500466147,1316.7280246433968,0
76,男性,176.52271595076328,68.69532700400664,2023-08-25 05:30:49,18.27084014298479,133.5130342315732,1576.6583115595192,0
59,男性,179.91790128791706,46.86592163975673,2023-08-25 01:07:58,7.805310261183645,847.8394269473855,557.5558646127503,1
70,女性,177.0301529573267,64.94152317719762,2023-08-25 15:43:26,11.201526658061855,1026.766000244131,619.1220949585706,0
44,女性,188.94452342773738,66.95969576169594,2023-08-25 23:52:17,18.825671259514266,62.2543014923567,1913.166708281607,0
74,女性,181.7008246485472,64.77169868777129,2023-08-25 00:49:09,13.93971575991622,761.0337991436479,991.0939142877147,0
75,女性,152.94306147440224,47.46087823225867,2023-08-25 18:45:45,11.486667151757763,985.7900737419601,86.65115273687326,1
47,男性,180.57514883759765,50.764452508624316,2023-08-25 09:36:04,6.01247131639291,1325.2161344457402,345.2692601531117,1
51,女性,180.57717896299408,54.75299066345333,2023-08-25 01:49:19,17.408133596208604,1470.3218287060383,70.2593539073991,0
58,女性,160.41968212865612,65.98362917752011,2023-08-25 22:03:19,4.924500472988104,1193.355979228826,253.7121669874677,1
43,男性,152.19432859613738,66.52853003259948,2023-08-25 21:43:48,1.9799600394081867,893.6239571549269,-196.8334073874548,1
33,女性,162.8836002823102,64.51501238973319,2023-08-25 10:14:45,5.289737266994834,834.5596064225853,829.3086580422786,0
60,男性,156.8488098185641,83.12856647198055,2023-08-25 20:15:19,6.756937237334022,321.8452337828883,2396.0487588966544,0
44,女性,156.4467249996326,54.7730673805208,2023-08-25 16:17:23,17.43757811270109,710.2052715562189,1020.0929161292876,0
68,男性,172.47197490831633,60.80056843778928,2023-08-25 03:18:21,9.079539263628144,829.885820207851,938.0237868014902,0
49,女性,166.95424000359003,57.62980561057584,2023-08-25 09:36:16,9.91239022048385,922.0325844106276,433.66154562616583,1
48,女性,185.1323399698958,89.67518845781132,2023-08-25 07:17:06,11.669885422762858,891.8251531955167,1393.9142129729405,0
59,男性,184.30837605701444,54.691052914776904,2023-08-25 10:32:00,10.994074133092436,1272.1808435654252,583.9481453582619,0
23,男性,180.68131725504261,83.84223097119065,2023-08-25 19:00:22,2.113554664968864,1293.3075364968508,982.2628669057619,0
56,女性,160.72401595294664,55.22055106225406,2023-08-25 02:42:04,16.937448213239954,1197.3241594165506,150.2865890850422,0
69,女性,157.1581294964833,53.93418856250046,2023-08-25 13:23:54,7.166195094958752,463.00421930575857,952.833542417847,0
79,男性,182.20761174509371,68.57190937261983,2023-08-25 14:44:28,15.729355713848594,1058.2814709809197,834.4005964538574,0
60,女性,182.02867288172834,62.28695130588342,2023-08-25 12:03:03,2.672780580445318,1183.0469159645365,257.66714294958814,1
25,男性,168.51166423694997,67.88950404214602,2023-08-25 15:47:08,5.287291766702942,665.9145132059954,1669.111232299561,0
73,女性,182.25087698372369,46.82802926163325,2023-08-25 13:10:17,7.02520292053894,278.5306338730899,1552.9152357770458,0
23,女性,150.7831881429522,76.22882789741644,2023-08-25 17:49:11,16.90980140181741,431.23658960804244,1061.1470254855906,1
28,女性,177.6697142496884,51.71034541732321,2023-08-25 22:21:12,3.680927373455865,1510.8734937025367,64.7292049723095,1
66,女性,181.26466138228193,89.85965986047852,2023-08-25 06:35:53,4.254296254460899,1133.16699879236,557.0194247409704,1
60,女性,162.5867073865703,57.61783829871903,2023-08-25 22:49:00,13.821748450656358,616.4343701978224,632.6582559258346,1
64,女性,188.0615502215617,76.34240808165472,2023-08-25 09:59:48,9.104791955064723,871.5989671452834,808.2549289408364,1
43,女性,165.34063083238732,67.78124312373109,2023-08-25 09:42:44,16.93726288064236,1226.0603399352149,575.0976632140207,0
71,男性,154.24569072237944,74.07483122388327,2023-08-25 08:00:49,3.338957965029726,793.6642615587095,584.866835959664,1
36,男性,167.44316532096383,62.16355000861038,2023-08-25 21:45:34,13.022154249185794,52.75237197686564,2386.6242835160097,0
77,男性,156.0592702678607,57.06992245572629,2023-08-25 11:17:31,13.484537475667542,1228.1673503029087,334.1218446089241,0
23,男性,168.33247209634112,71.19868136628006,2023-08-25 15:58:21,17.004682036474968,815.0221370950109,1546.134566515442,0
76,女性,160.3667813620467,51.251546125175196,2023-08-25 12:57:20,11.34039054473657,540.8823538221944,1163.137739833721,0
51,女性,184.50117148032587,46.06866662390369,2023-08-25 11:10:28,3.0194357275401327,454.075194757064,718.4011466126856,1
47,男性,183.47952078582023,65.85424839652002,2023-08-25 21:46:03,16.06519574500131,347.98597465080917,1738.5034530329415,0
29,男性,189.0763158807799,47.61343804321247,2023-08-25 01:07:20,12.776994518897384,861.6372338645243,1067.9176058992773,0
54,男性,161.63687404227034,61.30653950744006,2023-08-25 19:33:59,18.418177868211735,1445.750661561862,194.7628896051893,0
39,女性,176.91980495807007,63.104890287554866,2023-08-25 02:18:08,9.110344945948118,1623.248554369689,46.764337077282924,0
34,女性,162.74105139678736,88.72035582713606,2023-08-25 13:10:50,3.4107040797511536,33.5471778616339,1508.0291901907597,1
46,女性,155.24634719316134,68.340469258278,2023-08-25 12:22:34,4.3433038034597224,1423.0281624980357,53.75512684353043,1
29,男性,189.336857988962,73.07192042005329,2023-08-25 13:26:10,4.465233057261974,2.4087165415695284,2075.3233260261723,1
68,女性,159.0446716377502,87.62553020231911,2023-08-25 23:32:49,8.065699540461111,1268.328823265254,580.48157069574,0
45,男性,160.3508331617736,89.54035745865463,2023-08-25 08:43:35,6.931941083540956,979.9573988770528,1530.3765300491514,0
70,男性,150.4458896242963,71.64046535090078,2023-08-25 06:20:02,7.339409673622452,1085.3672142656212,932.2850914566229,0
70,女性,182.9684058459297,65.79017424623751,2023-08-25 11:00:35,8.258971381297597,864.8846403485055,941.9383418447452,0
67,男性,169.62886648219313,59.30284696464999,2023-08-25 23:51:38,17.900729632519155,264.41353419608754,2037.7887000430596,0
74,女性,156.28713072353676,54.87271040290845,2023-08-25 02:56:48,4.682604474030516,931.5907759880806,151.49595620832588,1
49,女性,167.3326260030649,55.028111193546394,2023-08-25 20:35:21,11.189868223663375,360.9212524799545,1242.8346612064875,0
70,女性,188.73924805966595,58.385632086562865,2023-08-25 17:40:51,9.599538038531596,246.01965075399067,1288.2766016229255,0
22,男性,177.11656483030345,68.77736981820962,2023-08-25 18:05:10,12.085880841538,842.0973627341164,1745.5676873935827,0
68,男性,164.31361397647416,65.04336630323081,2023-08-25 14:15:27,6.816283976384706,466.48934012171077,942.4897266078556,1
44,女性,151.51101327761282,77.13268060944347,2023-08-25 22:46:17,3.2121597995120266,1410.0515536235705,129.550811274496,1
71,男性,186.51169762144784,48.90273334472143,2023-08-25 01:17:20,13.414351741936722,32.231331985713304,1430.6022493745495,1
60,男性,151.62486159508026,86.84656482650021,2023-08-25 09:07:25,12.956201249173654,915.5206753226938,1334.9578016302125,0
40,女性,160.36577404521222,87.36608657430048,2023-08-25 15:21:04,7.257459244724358,677.3175302568868,1458.2397973685968,0
56,男性,159.30063429508021,71.78741030924512,2023-08-25 20:53:52,13.186982464272848,1287.1741225491842,442.4067911018018,0
20,女性,180.19109323560014,64.75332877236676,2023-08-25 07:28:58,17.15892675593874,1494.8775494889862,592.8783862378192,0
25,男性,169.67490013584157,87.5367542282438,2023-08-25 07:31:28,8.126754018902616,573.2295399551583,2966.543412366996,0
53,男性,166.55249890042586,63.30638868146065,2023-08-25 13:02:41,5.258530449255198,461.29175155793865,1403.1594586441392,0
30,男性,150.397288458979,87.3443478934575,2023-08-25 02:04:22,16.899594887621173,749.1441000259164,2395.92569124205,0
62,男性,181.3223613588694,74.01700682478457,2023-08-25 23:14:21,3.2554783372349263,1766.2428028036684,67.07440421651232,1
50,女性,153.21601539682177,71.14537614472441,2023-08-25 09:55:33,10.570121902469257,48.0527335931991,1825.1873971103869,0
49,女性,171.65718185969934,76.66899514641516,2023-08-25 21:23:38,17.597047773348013,937.2031874342091,1146.6652002904646,0
42,女性,165.23281074273285,56.51372945096841,2023-08-25 18:47:04,12.504972501270842,935.3029734415095,572.5538295766646,0
28,男性,151.5895760141077,49.27165589110358,2023-08-25 12:22:16,7.793284819576601,1236.0027856773274,351.65676585182956,0
53,男性,165.98582094557366,52.176886647864364,2023-08-25 18:50:53,8.154357979728367,469.5484828318636,1422.0713781240995,0
35,男性,189.88568969757435,60.97498864794404,2023-08-25 05:29:50,9.583883449695916,992.5542500944866,1799.0939038297272,0
43,女性,177.44615817513358,78.58876693372353,2023-08-25 05:10:39,10.70425329913811,924.2502482515449,821.9477444036683,1
55,女性,183.09052990811097,69.41781210283244,2023-08-25 06:15:30,15.014177157712137,294.4804947888306,1547.6990997358344,0
28,女性,179.9526968404812,59.34551813373651,2023-08-25 02:27:31,8.138266308362905,767.7612727500758,1145.8120637580098,0
52,女性,166.0711304013843,68.86824521914762,2023-08-25 04:32:50,14.026846908903831,1141.7390556197345,466.0397082786174,0
52,女性,178.31219339186265,87.00188252480544,2023-08-25 13:49:49,7.3032804838231975,1121.4726471869817,894.6175170879901,0
37,女性,176.73615939275822,74.73812931348091,2023-08-25 15:27:08,16.611328977400014,1801.188706291512,5.556641156270035,1
37,女性,173.45915598029043,75.53342536186825,2023-08-25 14:05:45,14.947879719555342,1244.9217827556145,578.4830997936388,0
27,女性,153.9810222139194,67.43807962473494,2023-08-25 06:26:06,16.10239758602819,232.45608160780358,1988.2424151861233,0
79,女性,176.3981109693616,47.77271950230398,2023-08-25 05:45:30,10.805882452992307,771.9148455936081,647.2993279219633,0
77,男性,185.93626146156595,62.03914766173799,2023-08-25 07:27:27,18.526172779433907,1453.1172868651356,188.11157433000753,1
72,女性,162.6045334874684,89.5198191596104,2023-08-25 05:54:09,12.024405929953744,1409.647209752742,206.8659759858505,1
20,男性,155.2681090096948,47.53921217442195,2023-08-25 05:26:54,4.834034457990465,1349.678604959767,214.65462113254455,1
64,女性,186.39558081463616,49.10826493449282,2023-08-25 01:57:46,7.352682831601897,561.8341847771907,1050.6699441177154,0
59,男性,171.54780886210145,79.88649110592686,2023-08-25 02:18:13,5.149740013165526,873.7353739461386,1978.7527249050993,0
33,女性,166.3967643739352,64.15798582638632,2023-08-25 03:24:19,10.409337733260688,1507.2800384876505,237.09651915714525,0
58,男性,162.33355916238295,51.62058241900107,2023-08-25 20:07:39,15.617369169271173,543.5013077518171,920.7651361662761,1
61,女性,152.43181579042874,50.18472741847004,2023-08-25 07:32:23,2.4964039796198922,606.7005310356019,341.03265344370135,1
71,男性,153.7961873317535,67.41414390396727,2023-08-25 05:46:49,18.335377799179913,1207.5117291215652,305.8380718592232,1
52,男性,168.73656482306762,48.188177273843465,2023-08-25 23:37:49,17.941632861289296,196.14330704840356,2017.2852556898283,0
41,男性,177.86959918310123,73.36206239086222,2023-08-25 07:48:07,7.364708164184254,1479.5048639993397,529.1444279611807,0
45,男性,181.00157246836332,45.053941775515206,2023-08-25 21:07:06,2.5634759753015666,1471.1632097190475,107.14514743780599,1
53,女性,175.37905222248096,49.86746861911096,2023-08-25 12:25:35,18.24316847021654,267.00415179764656,1265.1013052026428,0
29,男性,168.7475319239997,45.63994411341063,2023-08-25 01:08:52,7.733749210551208,667.5564928009346,1453.5420592049513,0
53,男性,176.975881846855,57.375961157686994,2023-08-25 03:52:29,15.210973524956465,1020.5622059564038,764.2786241761748,0
40,女性,183.02512335927074,87.25334752375818,2023-08-25 11:24:07,13.301208696002904,1198.255791117247,1344.4252868474564,0
36,男性,162.5148469348652,62.98779897303813,2023-08-25 08:36:41,9.31418931185834,843.6386164472605,852.3791508546835,1
48,女性,179.21740590254484,76.53921574215053,2023-08-25 07:47:18,4.55502167812941,1021.4871028634615,550.3019676149339,1
29,男性,150.85004175462427,56.68321489059916,2023-08-25 05:05:33,12.099319062181273,869.5582645134896,596.9792499659738,1
29,女性,178.5823806230216,46.02748370102237,2023-08-25 13:31:12,1.0517709470564562,49.058575683394615,795.3721824213922,1
73,男性,166.24905017704316,86.82408917099991,2023-08-25 10:35:57,15.592534589397324,749.2815071368537,1183.0138527613012,0
51,男性,178.44454978649773,71.24607489866844,2023-08-25 17:39:35,3.457084150006422,1747.8898265894227,125.6697386082144,1
49,女性,150.45810208681783,50.76611183769898,2023-08-25 14:09:00,18.616200132161435,183.9728882445329,2131.002751215507,0
36,女性,174.9404628378066,76.2893798616382,2023-08-25 18:00:46,17.861071061509115,1730.974725619753,122.44115454015305,0
49,女性,162.7254515739934,86.22785816554929,2023-08-25 11:35:06,5.094922294873078,1366.4757280829256,821.837556416019,0
54,女性,165.64677966696274,86.95354747784941,2023-08-25 03:49:30,14.45992998251702,1028.7812784882344,883.6795141655169,0
65,男性,183.7783001645944,68.61019294504106,2023-08-25 22:06:27,18.29324475855147,1626.811601874618,196.16627488597197,0
42,女性,156.30344793192197,47.01637051323022,2023-08-25 13:11:36,12.237526967266897,366.0978768511693,746.8091085167828,1
60,男性,181.24602584934382,85.68784708672507,2023-08-25 18:00:05,17.593592404110847,1190.9206804290197,1018.0833691147295,0
79,女性,156.70570699420284,64.42395500194743,2023-08-25 14:02:05,17.235451648797373,1112.8367798332365,134.28979694742935,1
37,女性,184.20700825122037,88.00552193263286,2023-08-25 14:21:57,5.0716073161523285,1192.804496147224,1343.4350852781556,0
70,男性,157.94468237916786,64.99716603997842,2023-08-25 11:45:27,6.588412597156308,100.29345173439984,2497.6897881003347,0
56,男性,157.67882812244787,81.90605887040323,2023-08-25 14:23:06,14.843041086073693,1548.52222714119,323.86948712507024,0
58,女性,166.5649578926816,68.27063281987138,2023-08-25 12:48:45,15.098942295893576,1122.9135614733468,489.06432279342044,0
47,女性,172.34939542587364,77.28012013627676,2023-08-25 09:15:58,8.22653046242333,1590.7692960535153,230.21143999887013,0
27,女性,177.69561217800873,71.2880688805677,2023-08-25 07:17:42,18.99312128253662,41.45910679286137,1877.0569860072724,0
73,女性,177.55612894030216,72.82564985975606,2023-08-25 19:51:07,4.783364295105261,169.0959826724565,999.4402425098442,1
71,女性,176.18049141364685,57.83513539435631,2023-08-25 08:30:24,7.742970617704278,682.153857570631,1083.970004087174,0
70,女性,168.8926478304744,87.1171970811155,2023-08-25 08:20:37,17.87415805463439,1050.876852719723,815.1519229955918,0
58,男性,172.40891759639368,78.164802470777,2023-08-26 00:24:58,13.037472162071646,1351.2410161506396,992.1023209766945,0
38,女性,189.10100218167202,64.81481396331566,2023-08-25 10:12:35,4.051601870803506,658.7875166085857,1125.634332075602,0
34,女性,178.83186150368044,58.214340340279016,2023-08-25 10:18:39,14.200825897242272,1504.6184846528988,184.76370372462173,0
20,男性,183.9895978169626,81.58860041882318,2023-08-25 11:50:06,13.860055193573537,678.6241391154485,2292.5999405487314,0
48,男性,151.30332089507243,80.33901584087717,2023-08-25 20:43:51,17.49897370843356,1546.4901419479506,379.47490515337824,0
68,男性,159.05950221492947,76.95701367658015,2023-08-25 15:41:21,9.130491349226116,674.150599922342,944.5064925851946,1
69,男性,183.5769268878816,78.95056567544626,2023-08-25 02:14:24,14.332315994913028,1226.7196176777543,1101.0663429128251,0
56,女性,157.26927556707187,65.49610779879086,2023-08-25 14:36:54,16.60208898299038,677.9834850490657,1185.3918393980973,0
78,男性,186.81153836309045,67.69656185350759,2023-08-25 12:21:04,3.601311875445255,1516.9928438282034,208.44344804318533,1
32,女性,157.2719156447696,54.48710022026121,2023-08-25 19:04:09,10.491339423531207,730.1356818403989,1129.7773969354132,0
77,女性,157.4810227388627,72.26502400872607,2023-08-25 05:23:34,10.158057442965925,139.56734251969505,1708.1994607984395,0
43,男性,166.15991409779988,81.87696756551631,2023-08-25 01:50:19,3.0876375585859543,652.1589576260759,1041.3974197520008,1
51,女性,189.79657449457858,47.23035779280017,2023-08-25 16:47:33,8.134456670563942,279.4987438422189,1612.7756046348445,0
67,女性,181.26095024494828,84.0742229699662,2023-08-25 22:57:39,16.14669903277565,864.8324956135214,991.8875712499947,0
26,男性,151.20803697021503,60.03761977611809,2023-08-25 16:34:36,12.688543774261536,1508.4585032537343,374.6264642568349,0
31,女性,182.0565266994892,82.80069394134115,2023-08-25 21:17:40,18.834289263738594,668.9535645020537,1591.2436524219945,0
51,女性,158.74101593685054,75.2521277466588,2023-08-25 15:07:50,3.865919452993382,438.11042614007187,981.4166183662396,1
40,女性,160.67822484945165,80.99594031925733,2023-08-25 04:35:12,19.841145899823424,929.2921828914245,885.121944341387,0
37,女性,150.6616370043584,50.98729776152863,2023-08-25 04:40:33,1.9355147559529717,169.1571173906227,387.3541367209235,1
51,女性,166.66881919504516,68.93001330672364,2023-08-25 07:12:21,17.90010237474102,805.2419694841307,955.196003264541,0
39,女性,184.84066132363418,52.55983331877073,2023-08-25 13:43:55,15.477163833347845,422.0160229834722,1060.5420464648064,1
78,男性,178.83667651902024,64.90886813305443,2023-08-25 20:07:54,15.967960467835557,443.8828778847079,1375.467126538142,0
72,女性,165.15693339142945,46.85175993469569,2023-08-25 00:51:42,2.752138466030259,1114.1669687911854,64.28971582839598,0
24,男性,164.2869295333835,69.30997532830409,2023-08-25 00:55:12,2.9499496706054753,174.19029762623083,1139.9683490384307,1
30,女性,150.96006032581374,85.34815166482076,2023-08-25 02:20:20,2.7274075334500996,471.4436786500229,918.4273973370648,1
36,男性,166.86942694555563,62.02268098733774,2023-08-25 04:52:51,12.602655672921319,455.05599525576713,1856.8023188045097,0
49,女性,174.8538501013825,85.3211067849806,2023-08-25 19:34:10,11.737013075698645,783.271676809103,1176.6417074026563,0
22,女性,186.66126827847853,88.15468008462793,2023-08-25 04:22:43,14.914688888852668,1472.4313144224184,874.9838048456712,0
52,女性,165.6842904474841,51.04176114966603,2023-08-25 19:50:38,6.6494377692573154,192.1716994991588,1690.4945313410226,0
73,女性,160.29848700096318,73.1305333532428,2023-08-25 21:31:03,10.995373727800992,377.269746028965,1480.4766338406437,0
37,女性,171.27098434845993,86.9558798559712,2023-08-25 15:17:04,4.787837214754278,1386.6934468304835,315.5404815076549,1
62,女性,189.73529576179476,49.961995561182576,2023-08-25 16:35:17,4.901814626770067,1431.8912232686755,22.22165734648121,1
24,女性,167.07317892990199,72.67110895904125,2023-08-25 09:49:30,2.1538215625355654,476.2168610406195,897.4349190967689,1
25,男性,153.31864442523423,52.98542079368655,2023-08-25 22:22:28,15.711220576312314,899.6181240819783,1470.3313684500529,0
45,男性,182.17356999636473,55.675619491637654,2023-08-25 15:36:07,9.338244682915104,689.836561886551,1159.6306281567095,0
54,男性,169.59862612426275,69.66929916766347,2023-08-25 18:18:58,14.674428280776135,43.81227662379544,2698.8460725680534,0
63,男性,151.22123307555776,57.334410834553964,2023-08-25 15:32:54,5.521616294200156,810.0812634797417,549.4616285981624,1
33,男性,162.8450946124574,57.9686065331453,2023-08-25 14:24:17,1.4366551425638083,1271.795780204005,-668.4722805484503,1
45,女性,159.62685270039543,61.49899307662831,2023-08-25 12:13:38,3.0795928416254386,1381.0913875047845,66.68735076522935,1
42,男性,185.44117686734563,48.22667945299662,2023-08-25 10:50:05,16.050545445863172,345.4750822829746,2240.4157185428894,0
21,女性,169.2140911804755,56.20556845169302,2023-08-25 13:00:06,1.2789321086107885,1524.2481392036434,-814.2149713043206,1
67,女性,175.98097420666136,62.08260468029867,2023-08-25 08:19:45,18.105595827102547,684.2454535509565,736.9209783123241,1
74,女性,156.71885854833155,80.38054166664955,2023-08-25 23:52:45,15.286655796070292,558.6615507147143,1969.5678262399765,0
56,男性,169.638184331794,82.56554833276704,2023-08-25 06:54:17,6.2558459622305325,93.5935336218812,1978.71099317795,0
36,女性,159.27868684164167,85.02525193804613,2023-08-25 19:19:06,10.582656592186384,113.55501201001789,1525.7351783030626,1
76,女性,185.12574892007277,46.53929433275303,2023-08-25 17:36:27,7.507255971586186,657.7943832827247,710.2540407916813,0
45,男性,189.07212530474197,89.69181543403718,2023-08-25 18:18:02,1.2294521803414358,927.7822579732862,-213.3763264293639,1
69,男性,168.73101179569716,75.6749254873645,2023-08-25 10:19:47,1.551721034107909,1243.6697545820302,-652.9807957868966,1
59,男性,168.905639726161,57.817965159042316,2023-08-25 06:52:41,18.91986795612838,1421.5141374919735,218.77808265920171,0
65,男性,176.22883721988075,79.74192072399937,2023-08-25 17:18:16,11.244049966982972,80.37667918883284,2335.145942861958,0
69,女性,164.49807963338878,46.86605803338275,2023-08-25 21:19:21,11.55266549926122,806.4024270517132,466.8317168994881,0
57,女性,170.34274875719618,53.04868377734339,2023-08-25 21:26:07,1.5121413438569904,1141.7384615871667,-693.452109748561,1
45,男性,152.23982545434316,70.39742236267048,2023-08-25 09:44:45,2.8500543422475535,1362.0026825685934,289.7721028921175,1
32,女性,172.95138698047603,51.62569449573445,2023-08-25 10:09:17,2.9888563205100818,781.8070435060569,445.43235353684264,1
34,女性,188.3115900579134,72.05344573245871,2023-08-25 21:57:55,16.361001115467865,75.40853618003435,3007.7387968311677,0
23,女性,172.94199190172105,86.9445244970413,2023-08-25 19:50:36,4.364098204192016,1738.2407556607627,202.73623909842627,1
42,男性,174.67489682339908,74.97631779713387,2023-08-25 17:37:20,1.0572730282673137,30.21050665610743,737.9908283527601,1
29,男性,164.02065804382818,87.38638964625207,2023-08-25 03:58:14,1.8274687657090807,2031.4928211380673,-1256.224399268017,1
44,男性,188.0503728880013,62.553146381590125,2023-08-25 16:09:57,8.572167519924347,1819.451453522587,117.69619540748916,0
28,男性,179.61429845624522,61.01852133888893,2023-08-25 03:12:30,3.8719000075818144,367.8665186476168,1309.1359120588756,1
42,男性,179.16138080718275,54.540744257071445,2023-08-25 01:04:49,14.05716684162159,1312.9287979608785,589.0856528584083,0
26,男性,162.14847459461313,85.53800613636382,2023-08-25 14:45:56,4.293169099230846,2027.3744856452138,36.3720057916918,1
50,男性,154.54722832990007,61.89912366813452,2023-08-25 17:00:42,7.439221211126746,486.3015176643353,1358.0851266239165,0
52,男性,165.86154066511406,54.54102195251933,2023-08-25 01:28:46,18.08534770717249,427.235370274931,1970.9234751223887,0
56,女性,179.01324627358298,87.62956739386294,2023-08-25 09:46:38,18.045964757824983,1364.5397638018355,464.18791658774796,1
48,女性,166.17541208214152,67.12630987600231,2023-08-25 11:20:33,15.721082494509046,44.335494283165396,1912.948156225047,0
42,男性,152.67060491480532,52.95647633033479,2023-08-25 18:54:10,10.63224614017353,1027.032704114434,658.2301410446144,0
56,女性,182.0943636893379,87.74349468651988,2023-08-25 08:48:36,4.079888940477799,1849.1176941787487,35.26870662198177,1
63,女性,175.83919768043023,62.04902212397285,2023-08-25 02:21:30,15.039944810885807,833.8014636676054,764.2272504352075,0
67,男性,170.7699001642642,48.54195302281213,2023-08-25 07:08:01,11.647137968752956,1411.417857480695,71.06277156508455,0
44,男性,168.31329909073054,87.64394525127969,2023-08-25 21:18:13,17.747477621925576,560.3314897557423,1360.834547637085,1
69,男性,153.94192594662454,57.42323824022332,2023-08-25 19:45:43,17.831982818257927,448.50795943679475,919.4588475033456,1
55,男性,171.55008271299502,57.31688502053285,2023-08-25 20:30:47,7.572372074618668,893.0454406283923,1325.1937030948282,0
46,女性,151.1140303158206,87.34703758708679,2023-08-25 07:12:18,1.8810890033663505,1468.9015644564615,-898.7670028368724,1
36,女性,180.20906260570263,82.33614409877676,2023-08-25 23:21:34,6.2242241486543515,1625.3654708572608,315.19816809103554,0
69,女性,168.11848777996462,51.77635738562135,2023-08-25 04:02:46,2.5317701780364485,788.8449296427831,333.6131192656332,1
53,男性,155.38171835638886,70.65000113237087,2023-08-25 14:47:01,6.131414350924479,1479.4870231062716,216.32382928135752,1
45,女性,182.14444586777108,77.64985152552168,2023-08-25 23:03:19,14.571967335129047,864.4952994198126,1332.5336318371253,0
57,女性,184.2280821877758,74.1882275563722,2023-08-25 11:41:38,1.732765357476844,87.18233584784554,549.9553515304628,1
58,女性,187.7787870764745,89.25257117607165,2023-08-25 08:06:51,1.566674023455709,452.1115799436723,55.59393394066207,1
20,女性,162.3143124918726,64.91411083103779,2023-08-25 10:40:28,13.532689560928802,1322.5277018403083,447.57711242945254,0
67,女性,187.1622001058157,57.64261074698725,2023-08-25 04:45:06,11.16433776741982,419.01180423997005,1277.0232676355033,0
27,男性,159.7933765109881,85.00944196122073,2023-08-25 11:06:49,3.0935039590916884,278.83422746304655,1289.664575357486,1
39,女性,173.80297984086758,60.33579758613465,2023-08-25 06:21:09,11.81935946353149,1011.3908197137803,596.6916178118278,0
45,男性,154.96428581727983,60.69361286367277,2023-08-25 01:14:06,19.80592549701922,1592.7993178556337,53.002721821722105,0
74,女性,162.8595509912335,66.68108301507343,2023-08-25 19:48:41,3.245748910199734,1304.99161155954,75.23256854764153,1
72,男性,160.588433216452,49.64915716445701,2023-08-25 08:41:32,14.605125891459988,651.3130650709849,1096.9321920830976,0
34,男性,155.60372753292532,78.00648409228697,2023-08-25 22:19:23,4.274261643200228,1472.6314844190783,319.1848592268545,1
30,男性,181.96417811087258,52.61948049604328,2023-08-25 09:42:05,4.491283542784981,1607.855772784221,163.29705233516606,1
49,男性,184.69093381449767,47.76812725358702,2023-08-25 15:19:48,9.814270252302732,976.4951627492974,861.0196169180424,0
50,女性,181.72524271263694,71.75267167980994,2023-08-25 17:43:24,12.016211963388484,1016.4411642833229,1042.514566292705,0
74,男性,181.75789576687941,58.48648617277206,2023-08-25 19:13:01,3.9273208385406297,1532.4270037832332,52.506078904381525,1
43,女性,185.3477742939937,81.05033812244639,2023-08-25 13:16:14,8.684730892262827,1880.4243446541386,33.51873665372611,0
28,男性,161.44584906402363,53.999428515154214,2023-08-25 04:41:56,16.221193657903733,193.1833729453471,1479.0086424951537,1
73,女性,180.4765025316799,46.57081077646087,2023-08-25 16:19:08,16.279379359683148,859.5274978835527,582.6795108289259,0
47,女性,165.01269774044292,61.01270921659655,2023-08-25 20:29:23,15.190019356365921,746.1380069306218,1121.137763555268,0
30,女性,159.68741804129834,79.40132219626574,2023-08-25 05:03:16,3.561243013957265,952.7368372122478,743.1109352156172,1
41,男性,151.8919356121931,56.428236963561716,2023-08-25 06:37:30,1.198798733433093,1409.8860250100722,-914.1023399161686,1
58,男性,186.20750382713163,84.52222687187844,2023-08-25 20:15:25,4.11185735936465,158.29401100587344,1771.656542603318,1
23,女性,166.9875764120798,69.10675208506672,2023-08-25 23:24:31,10.657043219351332,190.26763214034796,1929.6537524309833,0
71,女性,159.9906760364668,63.04548907734927,2023-08-25 15:32:01,18.281502220318014,141.06679449452653,1141.371009568808,1
64,男性,160.73733992243282,62.84431833354034,2023-08-25 12:38:42,1.6328016312138731,392.9083053161836,39.98035868193489,1
77,男性,177.0770250374564,53.273419842906215,2023-08-25 12:54:24,6.624721124807967,1286.5092112203138,266.0256267435181,0
32,女性,188.6682012995279,47.934457835674976,2023-08-25 10:10:51,2.552556452335697,975.5435786197573,461.6307920898684,1
72,男性,163.296380589383,70.34421425064151,2023-08-25 06:35:42,13.773337922218168,805.5711538222877,1478.0040596779759,0
73,女性,179.3141760094074,55.11023156736936,2023-08-25 03:54:29,8.93782508917608,936.0410229828675,417.45441794936494,1
62,女性,176.7128797385719,56.7461580926528,2023-08-25 19:13:19,5.919533915064696,1413.2360235701335,60.648982480899804,0
38,女性,152.997506614802,52.99970188049951,2023-08-25 18:14:48,4.593015028774117,322.4887282436002,681.7724347719162,1
35,女性,178.214728429944,58.305821614601115,2023-08-25 15:40:34,1.2648196929706301,720.8845296934668,-455.98638407815287,1
55,女性,162.81178272702527,60.12830478943421,2023-08-25 13:55:16,8.42040707424528,950.8626236348439,684.9671089200862,0
39,男性,160.92502861207524,53.076925601989785,2023-08-25 08:15:57,13.80604219533969,1372.253605231401,359.0387738565574,0
61,女性,183.7580738312592,62.48925931198137,2023-08-25 21:34:26,12.051062812979167,190.8360382239483,1493.4546319469416,0
51,女性,153.20328996021001,48.427375537776776,2023-08-25 12:18:30,9.474187106894352,547.2487555356486,1036.9510379999692,0
50,男性,182.97532278802078,49.98135726603905,2023-08-25 22:33:00,4.7804977155576225,944.3700257732735,498.6783779931757,1
49,女性,181.22135870660443,76.58659469019219,2023-08-25 10:17:59,6.9178955662791415,802.7985153989849,1452.1388165596238,0
72,男性,169.43719539093593,87.5790255851933,2023-08-25 15:56:20,19.464116904433293,112.51237213108237,2075.0511871293647,0
26,女性,178.40390470459457,77.99115851879293,2023-08-26 00:21:07,13.463272799261631,1369.43475594486,610.4570004454318,0
77,男性,180.3462353278727,82.70757426162501,2023-08-25 16:11:11,6.333783814408836,1490.4413504451409,623.4755720172517,0
36,女性,160.91291655382832,70.27038260984548,2023-08-25 16:32:35,19.63762440799182,472.2318176801141,1130.7658831772328,1
35,女性,165.44721294019257,85.53681487326935,2023-08-25 21:08:07,17.051415835458243,1232.6059329138998,782.1615096109077,0
78,男性,186.32093258586013,78.0891349399173,2023-08-25 01:08:02,16.19250823558282,331.4072360299428,2432.525400644175,0
20,男性,183.76151877567838,51.64401591740257,2023-08-25 03:26:24,6.305471538208673,1017.6449163237542,1409.5449840627202,0
40,男性,164.999273077327,80.373924392665,2023-08-25 23:20:37,6.992997730661832,1356.4097480427681,800.9381471901393,0
74,女性,168.1876454731649,81.90870349666937,2023-08-25 23:15:43,9.697068858333042,258.21921089170064,1925.7342550030887,0
71,男性,179.04332933367775,68.41122833507856,2023-08-25 15:35:05,15.918443738252574,534.039242361174,1078.5773563203873,1
39,女性,169.05684832216502,86.38664102636449,2023-08-25 07:31:44,3.0288209045806327,616.0790207058335,878.3902118805973,1
33,女性,170.90460245752058,71.4427816101702,2023-08-25 09:24:35,9.673199136557042,1458.3053476289524,475.95814001417955,0
69,男性,157.38521921011764,87.9409376314969,2023-08-25 09:19:08,4.002426057316974,1193.2126071524715,394.6763338544235,1
43,男性,180.25944775715712,71.82767906122794,2023-08-25 07:56:19,12.228470902165048,1460.9133531454222,488.83218302205086,1
67,女性,156.81574033163977,78.62740901668671,2023-08-25 07:46:09,1.4100912630404663,490.4666489117981,5.851509443093979,1
65,女性,179.46054125499694,77.73095733906472,2023-08-25 00:22:19,2.2094784244253036,742.4113800517597,634.1985356902304,1
45,男性,176.47446547983319,68.88841548790654,2023-08-25 03:19:03,18.76386988559955,1730.1722126931002,205.66792481045675,0
54,女性,157.8536117156023,61.712037411849764,2023-08-25 06:50:06,7.578616034430336,254.4416162539334,1572.8305767550426,0
24,男性,178.89291735805742,59.152083679524004,2023-08-25 05:40:03,2.703154325391931,601.0296252332131,948.1552948022166,1
54,女性,184.9842027964223,48.35254224197089,2023-08-25 05:41:38,15.258696316363912,1238.3053914949019,239.20659903914654,0
78,女性,157.60254694454545,57.88596012641928,2023-08-25 07:26:09,5.697176685270336,447.48271850740286,1447.4983162736414,0
33,女性,179.74237359409926,49.00199670290865,2023-08-26 00:32:40,12.867488781404283,1505.0651646173212,45.143927297998445,0
37,女性,175.66523622205972,57.459902849254696,2023-08-25 23:00:54,10.844172619192337,880.6384257422694,712.2189735532332,0
40,男性,188.64120599945946,63.362495565719684,2023-08-25 23:41:32,13.971551734851609,1341.2484637429925,768.7114239606111,0
72,女性,157.01986247991798,65.17894597006907,2023-08-25 05:55:04,6.907077998648472,1224.081418729632,163.79624778981957,0
23,女性,156.12324133728004,47.1021100866446,2023-08-25 11:14:35,7.603249899310018,475.0897983428503,1150.206743096201,0
50,男性,174.45107832791237,50.93638499168274,2023-08-25 09:42:29,11.266678776024442,555.0997879882287,1818.509371555427,0
49,女性,185.37193844589842,79.5111425196813,2023-08-25 20:21:41,2.3386789132228056,453.01740491346106,1268.605707892944,1
74,女性,162.39716981737493,54.969306909639855,2023-08-25 13:51:59,6.887182239746099,338.80046413714535,1166.4808432616396,0
66,女性,174.88872406336554,63.89319347644468,2023-08-25 08:02:46,15.018024623286173,1465.251072770912,30.368364857667206,0
51,女性,163.54434455295836,74.74164205448112,2023-08-25 22:55:31,2.379166835671254,474.2994944622905,820.6672814086517,1
32,女性,184.2128669267007,71.8625203087746,2023-08-25 12:28:19,2.1953012392457256,658.2176918934841,632.2038353109172,1
23,女性,180.34028884261738,68.82857073742709,2023-08-25 23:11:31,4.137998614717012,1086.0705232230782,421.08265986795044,1
35,女性,167.65702777148311,46.01821805077764,2023-08-25 21:37:11,13.729127778971872,1015.273580633579,426.93205476315757,0
40,男性,164.0057962311236,70.33080702073798,2023-08-25 01:09:17,7.165564708351285,1699.9105450767868,201.28504903951742,0
37,男性,160.2178087392019,75.0881593390982,2023-08-25 08:03:48,14.035228274144488,1517.5954267140473,616.2225001893125,0
79,男性,154.92455573678166,57.1255621066797,2023-08-25 16:10:25,18.497629179822543,986.1845633741602,736.9176186405915,0
58,男性,164.00113894384725,57.04225382978104,2023-08-25 07:19:40,10.105727868080999,1244.5594347729188,293.045329700502,1
38,女性,160.76462621051422,79.75828142784354,2023-08-25 09:15:04,15.675168859249561,1592.781571399636,219.9492527734612,0
39,女性,150.72538642533632,72.98648794549689,2023-08-25 18:59:09,5.297481261707013,224.03546567267463,1462.2126593441153,0
67,女性,171.3196048219284,89.05781516528319,2023-08-25 04:06:52,16.949026639549217,1624.0432690069401,192.167547431946,0
61,女性,174.37279492035324,56.0297105753193,2023-08-25 00:06:54,1.9439246162891317,4.19627477376752,603.1215959997492,1
55,女性,187.94209284705676,62.0930201452363,2023-08-25 16:34:41,5.962598930909126,1257.1359093095598,440.76814621316794,0
34,男性,156.58388683898286,46.23794727870526,2023-08-25 14:18:36,4.660348765984608,535.0561759971881,839.1356970145748,1
20,男性,166.7546164666548,75.04311251850781,2023-08-25 04:07:38,7.9511170263507,384.0906555581451,1500.1675088201146,1
48,女性,154.72534093657708,83.28412257654989,2023-08-25 18:42:39,11.901501885472666,934.5445131345695,1007.2505351128968,0
62,女性,183.85687246822187,64.21391396009061,2023-08-25 03:44:40,19.140890223552862,1140.8843997994036,630.3982938419206,0
72,女性,152.36665524000068,57.250748271082685,2023-08-25 07:55:45,8.01613923511168,144.8621846632978,1106.4365953629863,0
42,女性,160.29200913491073,77.68108075328541,2023-08-25 23:49:32,18.326110607553716,488.58463617516765,1916.6243662153158,0
53,女性,167.4359057501902,52.730469583025695,2023-08-25 00:29:59,12.105105680673251,13.925931758086431,1655.2942311884326,0
66,女性,152.54862014076423,75.00724160669243,2023-08-25 22:22:38,4.223583538201588,67.48086873438334,914.2983782561759,1
26,男性,184.75726123911568,54.09647760529178,2023-08-25 03:56:46,18.249106968004465,42.01633681009104,1848.3238631965808,0
49,男性,183.68387689903017,88.82565960250189,2023-08-25 19:44:31,2.404429572508614,1175.0853872609437,578.4694478368637,1
62,女性,164.08517818479004,88.80330951765012,2023-08-25 20:01:17,14.524087117509948,1726.0176745408392,5.967176591667268,0
52,女性,151.87295385825297,49.494553734811795,2023-08-25 01:40:37,19.7548809204517,895.2354620608692,317.34252204673095,1
33,女性,172.74460395301173,72.59183338505886,2023-08-25 10:16:30,6.122057907180925,1397.8979238698619,349.1436726429063,1
79,男性,175.27079475511928,88.06240371184768,2023-08-25 19:03:46,2.2091440566558225,418.1448316161213,1032.3500839963558,1
28,男性,167.74965339247373,69.88890084136557,2023-08-25 22:19:26,6.957330592619182,624.2666921811027,1037.875054334395,1
68,女性,168.92174980465114,86.24303796608703,2023-08-25 14:34:04,7.923656060086801,1246.6257377891534,655.4514877242963,0
44,女性,171.39420807014648,89.66710721136465,2023-08-25 05:17:03,18.638295399206612,543.8281033267264,1902.2638936504486,0
42,女性,181.9410138904812,47.189673702156526,2023-08-25 07:45:33,3.8196553257204258,1252.7863154495533,120.2663361621617,1
60,男性,156.97805438617547,64.30186352625216,2023-08-25 20:48:10,5.2604249791858235,1086.6481631545923,480.80666709868456,1
48,男性,151.000597658804,54.15226274343966,2023-08-25 12:05:50,6.779622383635141,309.1638139900192,1621.2130266716397,0
53,男性,158.5359029906789,50.459709682294246,2023-08-25 12:32:18,12.463282897278733,654.3547036307068,1056.5652921311666,0
36,女性,154.63875614053856,77.21372776590813,2023-08-25 01:47:54,17.588369158719704,1457.6417130019338,180.46068191479904,1
20,女性,188.24639319577136,54.464371474486995,2023-08-25 06:16:07,19.4775430736425,1139.6189616758072,635.2829724185831,0
72,男性,152.97642455691118,53.485089666489316,2023-08-25 16:52:58,6.323684738099928,408.6484051674468,1053.0403194941287,0
51,女性,188.71614984397536,73.65093956306785,2023-08-25 20:35:41,6.63135467172425,1187.1958762359684,624.2089429686248,0
55,女性,166.99380933184705,73.27051646102468,2023-08-25 14:52:41,17.318686233143595,537.3838460438267,1109.8639327233461,0
68,女性,179.5985447299884,48.043699560726196,2023-08-25 12:26:19,12.409317191842764,1254.1412816094178,94.24377187457254,0
47,女性,161.3073712838543,77.81795691412596,2023-08-25 17:09:51,14.403251264603155,358.3851638268128,1620.4864965285483,0
78,女性,161.17465060201192,64.04627651679917,2023-08-25 22:17:27,18.670462988715343,771.3947532860179,511.8315700417337,1
64,女性,169.84430000233561,62.71805347110422,2023-08-25 09:19:11,18.96790893339269,92.60717318523618,1682.7891831741347,0
75,男性,169.53582151896,60.49636073095284,2023-08-25 02:50:47,1.5296847287579158,1365.1829130199803,-976.0643383855229,1
38,女性,159.42147819582146,61.32753092826731,2023-08-25 06:32:10,2.5738617854659664,1180.0472539443738,238.2415549477233,1
39,女性,161.31859856765135,51.3127940801741,2023-08-25 06:43:54,9.566562439098238,664.4318263729773,925.1740466166525,0
76,女性,179.89767158525018,56.10986973907838,2023-08-25 20:23:41,4.103586967744224,799.101595782771,327.52809969085746,1
45,女性,172.57581971015185,57.776433877255684,2023-08-25 09:09:34,14.593277752936375,1469.7141188235692,50.3579806192451,1
56,女性,161.00531932997055,86.6206939781919,2023-08-25 18:30:38,18.65192112275132,566.9937561302335,1356.125165793747,0
36,男性,173.12804690926208,74.40646482585758,2023-08-25 21:37:26,13.75788684881388,289.77769597584006,2644.9186761930846,0
78,女性,153.39353093265385,70.06378653047105,2023-08-25 18:48:59,8.368708351027916,859.5100924912828,645.7208365466955,0
49,女性,163.96203048445847,50.08146685983618,2023-08-25 15:41:33,8.27267233931002,1169.8383744877672,199.72003864979368,0
43,女性,180.76226925873797,88.42765778609228,2023-08-25 05:50:10,8.061265883,488.23062505739404,1864.8040350106244,0
21,女性,178.9530514236004,68.16717783139171,2023-08-25 02:57:02,19.02958833406716,496.30627249360833,1473.4449919322817,0
76,女性,179.14206280482506,88.08538850426862,2023-08-25 19:14:02,5.369505413009205,897.6184509557678,1082.7851224452277,0
30,男性,188.79331517569528,53.8644895516587,2023-08-25 14:12:37,17.666164088489033,1337.212297047487,522.4935801528395,1
57,男性,164.61688778864666,68.82305625264296,2023-08-25 03:18:19,14.023311173928887,1363.4332003434934,338.0319552509815,1
68,男性,172.0704595724955,82.30837869325659,2023-08-25 22:51:03,6.759549576765621,1686.0292364047164,307.38707203062955,0
60,女性,155.21159679762027,66.89344906197381,2023-08-25 03:26:19,18.72744470996477,262.24084444997584,1357.1887370945979,0
38,女性,166.79060892364424,85.50193452894375,2023-08-25 00:55:00,16.869798244427066,458.5403333865954,1319.72409383414,1
64,女性,157.18770641361067,69.61728970786056,2023-08-25 05:27:21,12.571270722283966,686.8188441431125,766.2367343840974,0
53,女性,175.2942239044384,64.62793714368016,2023-08-25 00:41:06,4.7116066382640405,1149.9085532491317,370.90170820312767,1
58,男性,183.65555384673684,54.984675047318696,2023-08-25 15:29:22,15.984837963506566,646.3323867401745,1327.572060689239,0
36,男性,150.88997853054477,54.31010496324755,2023-08-25 11:15:16,19.27150300287077,1044.592586755614,671.4746532557816,0
24,男性,160.73632280270917,79.21975134647984,2023-08-25 18:45:15,15.532348532312554,1836.8778559573004,199.62041295559305,0
31,女性,183.36864862898636,55.09358491871605,2023-08-25 17:27:22,1.635601715206107,261.4793695994508,299.64110980315365,1
28,男性,156.33371872864979,72.63747076041474,2023-08-25 22:39:33,15.47619126021144,1492.380386773878,400.750131017647,0
69,男性,159.97268979724154,54.46659013828423,2023-08-25 07:37:07,17.237077469676763,338.0268023822905,1526.7349497208934,0
66,男性,167.325273627828,76.76740277626675,2023-08-25 03:24:02,19.487823309000145,844.0353414727913,1242.1338009299507,0
66,女性,150.9582253807032,89.62806604494554,2023-08-25 02:52:43,13.069515642876485,44.33252292810853,1686.662705834483,0
69,男性,174.02256592537435,51.275038276565176,2023-08-25 05:17:45,6.057578262749145,216.17884777216568,1673.1848531625767,0
62,男性,184.11284617164446,78.14476973483485,2023-08-25 04:53:05,13.325032802205978,1352.9989325592371,695.8604728207478,0
39,男性,172.45393709592184,72.79657886805741,2023-08-25 12:04:04,14.910450629726041,1567.3951248656372,608.9391039999635,0
75,男性,184.68320302859746,89.58864630689519,2023-08-25 08:29:59,6.164088927721365,520.1341404779287,2865.542260803176,0
50,女性,174.50865174869324,79.45169934874059,2023-08-25 10:18:43,16.97941925596139,1713.4073651944611,62.543689363336846,0
32,男性,155.23666742042386,50.776951144446315,2023-08-25 20:16:37,9.610806656010666,42.51408250311058,1315.4684185715107,1
56,女性,162.3183502017235,75.81082183183435,2023-08-25 19:48:42,14.831506818948075,100.34479223203559,1500.893345734773,0
33,男性,186.04001258338232,82.74099353967387,2023-08-25 08:06:03,16.144760765808716,264.2360692525011,2617.5391033984642,0
74,女性,169.5037878236858,60.630523423996536,2023-08-25 15:46:43,11.926778260180996,1088.6278576976906,294.43459015600416,0
41,男性,178.9571322539339,67.2434592837593,2023-08-25 11:45:24,14.17573214241291,1843.079254709758,88.87742936903032,0
76,女性,180.65011584134862,73.96072889751684,2023-08-25 05:25:35,1.5601575764419124,1140.7684879078938,-568.9361455073704,1
22,男性,158.158008635681,51.5669219093036,2023-08-25 19:44:36,14.333631757667277,449.47637486100314,1389.5643831863292,0
56,男性,152.89612646315433,81.86093261138748,2023-08-25 08:46:47,9.438396489276094,1508.3796086490586,498.96815581092596,0
30,女性,159.5202557251887,76.40256169601463,2023-08-25 12:15:49,4.533248004272606,432.0577475457216,685.1316936086565,1
